{"UUID":"IP3y6iijgz30hF3DHIPJYC","layoutMainAxisSizing":null,"layoutCrossAxisSizing":null,"name":"Swift E-commerce","isVisible":true,"boundaryRectangle":null,"style":null,"prototypeNodeUUID":null,"child":null,"constraints":null,"debug":false,"pngPath":"/usr/src/app/temp-out/pb-tmp-8f728088-71ae-47d8-ad76-24845d931a47/swift/lib/assets/images","pages":[{"UUID":"0:1","layoutMainAxisSizing":null,"layoutCrossAxisSizing":null,"name":"Page 1","isVisible":true,"boundaryRectangle":null,"style":null,"prototypeNodeUUID":null,"child":null,"constraints":null,"convert":true,"screens":[],"pbdlType":"page"}],"miscPages":[],"sharedStyles":[],"globalStyles":{"UUID":"","layoutMainAxisSizing":null,"layoutCrossAxisSizing":null,"name":"","isVisible":false,"boundaryRectangle":null,"style":null,"prototypeNodeUUID":null,"child":null,"constraints":null,"pbdlType":"global_styles","designSystem":"material","colors":[{"UUID":"39:546","layoutMainAxisSizing":null,"layoutCrossAxisSizing":null,"name":"Primary/ Navy Black","isVisible":false,"boundaryRectangle":null,"style":null,"prototypeNodeUUID":null,"child":null,"constraints":null,"description":"","pbdlType":"global_color","color":{"a":1.0,"r":0.0470588244497776,"g":0.10196078568696976,"b":0.1882352977991104}},{"UUID":"39:569","layoutMainAxisSizing":null,"layoutCrossAxisSizing":null,"name":"Primary/ Blue Ocean","isVisible":false,"boundaryRectangle":null,"style":null,"prototypeNodeUUID":null,"child":null,"constraints":null,"description":"","pbdlType":"global_color","color":{"a":1.0,"r":0.21176470816135406,"g":0.4117647111415863,"b":0.7882353067398071}},{"UUID":"39:570","layoutMainAxisSizing":null,"layoutCrossAxisSizing":null,"name":"Primary/ Pure White","isVisible":false,"boundaryRectangle":null,"style":null,"prototypeNodeUUID":null,"child":null,"constraints":null,"description":"","pbdlType":"global_color","color":{"a":1.0,"r":1.0,"g":1.0,"b":1.0}},{"UUID":"44:235","layoutMainAxisSizing":null,"layoutCrossAxisSizing":null,"name":"Dark/Black","isVisible":false,"boundaryRectangle":null,"style":null,"prototypeNodeUUID":null,"child":null,"constraints":null,"description":"","pbdlType":"global_color","color":{"a":1.0,"r":0.0,"g":0.0,"b":0.0}},{"UUID":"47:291","layoutMainAxisSizing":null,"layoutCrossAxisSizing":null,"name":"Secondary/ Dark Grey","isVisible":false,"boundaryRectangle":null,"style":null,"prototypeNodeUUID":null,"child":null,"constraints":null,"description":"","pbdlType":"global_color","color":{"a":1.0,"r":0.5137255191802979,"g":0.5215686559677124,"b":0.5372549295425415}},{"UUID":"13:117","layoutMainAxisSizing":null,"layoutCrossAxisSizing":null,"name":"User Accent Color/UAC Light","isVisible":false,"boundaryRectangle":null,"style":null,"prototypeNodeUUID":null,"child":null,"constraints":null,"description":"","pbdlType":"global_color","color":{"a":1.0,"r":0.03921568766236305,"g":0.47843137383461,"b":1.0}}],"textStyles":[],"themeColors":[],"themeTextStyles":[]},"pbdlType":"project","azure_container_uri":"https://pbnestcore.blob.core.windows.net/ip3y6iijgz30hf3dhipjyc"}